,Unnamed: 0,frequency,attack-angle,chord-length,free-stream-velocity,suction-side-displacement-thickness,scaled-sound-pressure
330,330,315,4,0.2286,39.6,0.00473801,122.229
1455,1455,5000,12.3,0.1016,39.6,0.0408268,108.625
237,237,2000,0,0.2286,31.7,0.0027238,123.455
837,837,2000,8.4,0.0508,31.7,0.00580776,127.686
140,140,6300,3,0.3048,39.6,0.00495741,114.042
1376,1376,2000,6.7,0.1016,31.7,0.00592927,120.446
329,329,8000,4,0.2286,55.5,0.0042862,112.524
524,524,12500,2.7,0.1524,71.3,0.00243851,113.034
54,54,800,0,0.3048,31.7,0.00331266,129.235
676,676,6300,9.9,0.1524,39.6,0.0233328,109.885
324,324,2500,4,0.2286,55.5,0.0042862,122.384
582,582,315,5.4,0.1524,31.7,0.00525474,125.741
430,430,1250,7.3,0.2286,39.6,0.0123481,123.189
991,991,10000,0,0.0254,39.6,0.000428464,133.376
1400,1400,1000,8.9,0.1016,39.6,0.0124596,129.58
872,872,400,15.4,0.0508,71.3,0.0264269,126.805
847,847,800,11.2,0.0508,71.3,0.014072,136.031
562,562,2500,5.4,0.1524,55.5,0.00433288,124.077
200,200,20000,0,0.2286,71.3,0.00214345,114.474
1017,1017,20000,4.8,0.0254,71.3,0.000848633,119.708
543,543,630,5.4,0.1524,71.3,0.00401199,128.971
671,671,2000,9.9,0.1524,39.6,0.0233328,117.925
1460,1460,400,12.3,0.1016,31.7,0.0418756,123.207
291,291,1250,2,0.2286,31.7,0.00372371,128.677
1008,1008,2500,4.8,0.0254,71.3,0.000848633,130.828
861,861,800,11.2,0.0508,39.6,0.0150478,133.79
113,113,500,3,0.3048,55.5,0.00452492,128.179
339,339,2500,4,0.2286,39.6,0.00473801,119.649
803,803,2500,8.4,0.0508,71.3,0.00529514,134.226
1191,1191,2500,17.4,0.0254,39.6,0.0172206,124.154
1252,1252,10000,0,0.1016,71.3,0.00121072,123.305
411,411,630,7.3,0.2286,55.5,0.0111706,130.934
489,489,1600,0,0.1524,39.6,0.00193287,131.013
551,551,4000,5.4,0.1524,71.3,0.00401199,121.431
1159,1159,3150,17.4,0.0254,71.3,0.016104,126.536
341,341,4000,4,0.2286,39.6,0.00473801,119.159
1025,1025,8000,4.8,0.0254,55.5,0.000873218,132.184
376,376,315,5.3,0.2286,39.6,0.00614329,129.691
1065,1065,4000,9.5,0.0254,71.3,0.00420654,134.236
1240,1240,630,0,0.1016,71.3,0.00121072,124.155
402,402,3150,7.3,0.2286,71.3,0.0104404,120.458
1341,1341,5000,3.3,0.1016,31.7,0.00251435,122.082
42,42,4000,0,0.3048,39.6,0.00310138,119.229
138,138,4000,3,0.3048,39.6,0.00495741,116.792
20,20,2000,0,0.3048,55.5,0.00283081,126.616
212,212,4000,0,0.2286,55.5,0.00229336,123.41
666,666,630,9.9,0.1524,39.6,0.0233328,126.465
1461,1461,500,12.3,0.1016,31.7,0.0418756,118.667
1176,1176,3150,17.4,0.0254,55.5,0.0165706,124.101
75,75,6300,1.5,0.3048,71.3,0.00336729,118.122
486,486,800,0,0.1524,39.6,0.00193287,127.903
1119,1119,1000,12.7,0.0254,71.3,0.0121808,131.698
123,123,5000,3,0.3048,55.5,0.00452492,117.309
315,315,20000,4,0.2286,71.3,0.00400603,109.638
313,313,12500,4,0.2286,71.3,0.00400603,114.258
130,130,630,3,0.3048,39.6,0.00495741,129.292
691,691,5000,9.9,0.1524,31.7,0.0252785,109.949
164,164,1600,4,0.3048,71.3,0.00497773,126.645
1207,1207,3150,17.4,0.0254,31.7,0.0176631,123.466
96,96,12500,1.5,0.3048,39.6,0.00392107,106.111
1343,1343,8000,3.3,0.1016,31.7,0.00251435,117.432
584,584,500,5.4,0.1524,31.7,0.00525474,129.681
90,90,3150,1.5,0.3048,39.6,0.00392107,119.111
370,370,4000,5.3,0.2286,71.3,0.0051942,120.33
571,571,630,5.4,0.1524,39.6,0.00485029,132.357
151,151,2500,3,0.3048,31.7,0.00529514,119.598
1234,1234,1600,22.2,0.0254,39.6,0.0229028,122.216
433,433,2500,7.3,0.2286,39.6,0.0123481,116.559
963,963,3150,0,0.0254,71.3,0.000400682,137.007
479,479,6300,0,0.1524,55.5,0.00172668,123.303
74,74,5000,1.5,0.3048,71.3,0.00336729,119.632
158,158,400,4,0.3048,71.3,0.00497773,129.575
464,464,8000,0,0.1524,71.3,0.0015988,122.527
949,949,250,19.7,0.0508,39.6,0.036484,127.224
1030,1030,500,4.8,,39.6,0.000907475,116.366
887,887,250,15.4,,55.5,0.0271925,124.17
592,592,3150,5.4,,31.7,0.00525474,118.291
214,214,6300,0,,55.5,0.00229336,118.41
1402,1402,1600,8.9,,39.6,0.0124596,123.82
1022,1022,4000,4.8,,55.5,0.000873218,133.924
978,978,8000,0,,55.5,0.00041229,136.163
839,839,3150,8.4,,31.7,0.00580776,122.086
59,59,2500,0,,31.7,0.00331266,120.755
668,668,1000,9.9,,39.6,0.0233328,123.835
1323,1323,1600,3.3,,39.6,0.00245138,133.071
410,410,500,7.3,,55.5,0.0111706,133.174
416,416,2000,7.3,,55.5,0.0111706,120.354
279,279,2000,2,,39.6,0.00346574,122.797
179,179,800,4,,39.6,0.00579636,130.723
1401,1401,1250,8.9,,39.6,0.0124596,127.71
119,119,2000,3,,55.5,0.00452492,123.069
970,970,16000,0,,71.3,0.000400682,130.477
445,445,1000,7.3,,31.7,0.0132672,119.099
0,0,800,0,,71.3,0.00266337,126.201
1463,1463,800,12.3,,31.7,0.0418756,120.037
1238,1238,4000,22.2,,39.6,0.0229028,119.646
181,181,1250,4,,39.6,0.00579636,126.343
18,18,1250,0,,55.5,0.00283081,126.086
502,502,1250,0,,31.7,0.00209405,131.467
1267,1267,12500,0,,55.5,0.00131983,119.91
656,656,2500,9.9,,55.5,0.0208438,118.365
532,532,2000,2.7,,39.6,0.00294804,128.139
394,394,500,7.3,,71.3,0.0104404,136.798
936,936,315,19.7,,71.3,0.0341183,121.235
334,334,800,4,,39.6,0.00473801,130.469
826,826,2000,8.4,,39.6,0.00566229,129.965
1412,1412,400,12.3,,71.3,0.0337792,139.428
124,124,6300,3,,55.5,0.00452492,115.679
97,97,400,3,,71.3,0.00425727,127.564
619,619,1250,7.2,,39.6,0.00909175,122.428
84,84,800,1.5,,39.6,0.00392107,128.831
1374,1374,1250,6.7,,31.7,0.00592927,129.256
1248,1248,4000,0,,71.3,0.00121072,130.935
165,165,2000,4,,71.3,0.00497773,124.395
937,937,400,19.7,,71.3,0.0341183,123.865
428,428,800,7.3,,39.6,0.0123481,126.299
153,153,4000,3,,31.7,0.00529514,115.608
772,772,5000,0,,31.7,0.000812164,133.23
55,55,1000,0,,31.7,0.00331266,127.365
1157,1157,2000,17.4,,71.3,0.016104,126.826
43,43,5000,0,,39.6,0.00310138,117.789
779,779,2500,4.2,,71.3,0.00142788,131.978
1361,1361,500,6.7,,39.6,0.00578076,130.955
987,987,4000,0,,39.6,0.000428464,135.346
1053,1053,4000,4.8,,31.7,0.000930789,135.328
539,539,10000,2.7,,39.6,0.00294804,112.589
500,500,800,0,,31.7,0.00209405,129.117
984,984,2000,0,,39.6,0.000428464,130.026
1200,1200,630,17.4,,31.7,0.0176631,136.886
924,924,800,15.4,,31.7,0.0289853,125.555
29,29,200,0,,39.6,0.00310138,118.129
355,355,2500,4,,31.7,0.00509068,120.209
199,199,16000,0,,71.3,0.00214345,114.984
1340,1340,4000,3.3,,31.7,0.00251435,124.852
1077,1077,3150,9.5,,55.5,0.0043284,133.252
1268,1268,630,0,,39.6,0.00146332,125.401
1179,1179,6300,17.4,,55.5,0.0165706,114.861
1143,1143,5000,12.7,,39.6,0.0130253,125.107
849,849,1250,11.2,,71.3,0.014072,136.191
1413,1413,500,12.3,,71.3,0.0337792,140.158
1266,1266,10000,0,,55.5,0.00131983,121.93
1312,1312,2500,3.3,,55.5,0.002211,132.889
982,982,20000,0,,55.5,0.00041229,121.933
1152,1152,630,17.4,,71.3,0.016104,122.606
265,265,2000,2,,55.5,0.00313525,124.612
632,632,400,9.9,,71.3,0.0193001,135.079
1325,1325,2500,3.3,,39.6,0.00245138,130.791
1125,1125,4000,12.7,,71.3,0.0121808,131.808
474,474,2000,0,,55.5,0.00172668,129.673
95,95,10000,1.5,,39.6,0.00392107,108.991
154,154,5000,3,,31.7,0.00529514,113.858
750,750,12500,0,,55.5,0.00076193,125.376
631,631,315,9.9,,71.3,0.0193001,135.459
1187,1187,1000,17.4,,39.6,0.0172206,138.274
831,831,500,8.4,,31.7,0.00580776,122.966
684,684,1000,9.9,,31.7,0.0252785,122.149
1451,1451,2000,12.3,,39.6,0.0408268,114.085
343,343,6300,4,,39.6,0.00473801,114.249
886,886,200,15.4,,55.5,0.0271925,122.94
302,302,1000,4,,71.3,0.00400603,131.708
254,254,5000,2,,71.3,0.00293031,122.816
915,915,4000,15.4,,39.6,0.0282593,118.113
1069,1069,500,9.5,,55.5,0.0043284,123.082
1115,1115,400,12.7,,71.3,0.0121808,125.048
6,6,3150,0,,71.3,0.00266337,125.201
942,942,1250,19.7,,71.3,0.0341183,121.485
1439,1439,5000,12.3,,55.5,0.0368233,112.014
143,143,400,3,,31.7,0.00529514,125.398
27,27,10000,0,,55.5,0.00283081,113.076
869,869,200,15.4,,71.3,0.0264269,123.595
1161,1161,5000,17.4,,71.3,0.016104,123.126
1216,1216,1250,22.2,,71.3,0.0214178,140.987
1005,1005,12500,0,,31.7,0.000439472,128.977
247,247,1000,2,,71.3,0.00293031,128.956
152,152,3150,3,,31.7,0.00529514,118.108
1084,1084,400,9.5,,39.6,0.00449821,121.154
639,639,2000,9.9,,71.3,0.0193001,120.779
1395,1395,315,8.9,,39.6,0.0124596,135.38
359,359,6300,4,,31.7,0.00509068,112.699
1225,1225,200,22.2,,39.6,0.0229028,116.066
1497,1497,2000,15.6,,39.6,0.0528487,110.894
813,813,1600,8.4,,55.5,0.00544854,133.032
828,828,3150,8.4,,39.6,0.00566229,123.965
1241,1241,800,0,,71.3,0.00121072,126.805
898,898,3150,15.4,,55.5,0.0271925,123.46
1324,1324,2000,3.3,,39.6,0.00245138,132.301
833,833,800,8.4,,31.7,0.00580776,128.246
993,993,16000,0,,39.6,0.000428464,124.986
870,870,250,15.4,,71.3,0.0264269,124.835
1126,1126,5000,12.7,,71.3,0.0121808,128.978
739,739,1000,0,,55.5,0.00076193,125.586
1180,1180,200,17.4,,39.6,0.0172206,114.044
100,100,800,3,,71.3,0.00425727,129.494
805,805,4000,8.4,,71.3,0.00529514,126.926
127,127,315,3,,39.6,0.00495741,123.312
907,907,630,15.4,,39.6,0.0282593,127.443
1335,1335,1250,3.3,,31.7,0.00251435,134.022
816,816,3150,8.4,,55.5,0.00544854,128.402
1128,1128,8000,12.7,,71.3,0.0121808,120.538
1001,1001,5000,0,,31.7,0.000439472,138.607
547,547,1600,5.4,,71.3,0.00401199,133.241
780,780,3150,4.2,,71.3,0.00142788,133.728
586,586,800,5.4,,31.7,0.00525474,131.491
186,186,4000,4,,39.6,0.00579636,115.863
911,911,1600,15.4,,39.6,0.0282593,124.843
159,159,500,4,,71.3,0.00497773,130.715
1464,1464,1000,12.3,,31.7,0.0418756,119.777
939,939,630,19.7,,71.3,0.0341183,128.365
725,725,800,0,,71.3,0.000740478,130.96
1117,1117,630,12.7,,71.3,0.0121808,128.878
1337,1337,2000,3.3,,31.7,0.00251435,131.642
371,371,5000,5.3,,71.3,0.0051942,118.05
1485,1485,3150,15.6,,71.3,0.0437259,116.468
170,170,6300,4,,71.3,0.00497773,116.165
640,640,2500,9.9,,71.3,0.0193001,119.639
98,98,500,3,,71.3,0.00425727,128.454
1363,1363,800,6.7,,39.6,0.00578076,134.625
453,453,6300,7.3,,31.7,0.0132672,110.689
79,79,16000,1.5,,71.3,0.00336729,106.582
1229,1229,500,22.2,,39.6,0.0229028,129.776
383,383,1600,5.3,,39.6,0.00614329,123.081
941,941,1000,19.7,,71.3,0.0341183,121.885
718,718,1600,12.6,,39.6,0.0584113,110.78
533,533,2500,2.7,,39.6,0.00294804,125.589
328,328,6300,4,,55.5,0.0042862,117.154
157,157,315,4,,71.3,0.00497773,128.175
1199,1199,500,17.4,,31.7,0.0176631,127.676
110,110,8000,3,,71.3,0.00425727,114.634
1236,1236,2500,22.2,,39.6,0.0229028,121.306
1371,1371,630,6.7,,31.7,0.00592927,132.116
72,72,3150,1.5,,71.3,0.00336729,123.392
1079,1079,5000,9.5,,55.5,0.0043284,128.412
275,275,800,2,,39.6,0.00346574,129.037
1181,1181,250,17.4,,39.6,0.0172206,114.714
1265,1265,8000,0,,55.5,0.00131983,124.45
414,414,1250,7.3,,55.5,0.0111706,125.724
540,540,12500,2.7,,39.6,0.00294804,108.649
1250,1250,6300,0,,71.3,0.00121072,129.395
1099,1099,315,9.5,,31.7,0.00461377,122.766
348,348,500,4,,31.7,0.00509068,128.939
1106,1106,1600,9.5,,31.7,0.00461377,131.036
173,173,12500,4,,71.3,0.00497773,107.405
104,104,2000,3,,71.3,0.00425727,125.524
1327,1327,4000,3.3,,39.6,0.00245138,124.881
56,56,1250,0,,31.7,0.00331266,124.355
218,218,630,0,,39.6,0.00253511,128.705
1091,1091,2000,9.5,,39.6,0.00449821,131.274
282,282,4000,2,,39.6,0.00346574,120.227
163,163,1250,4,,71.3,0.00497773,129.395
675,675,5000,9.9,,39.6,0.0233328,111.135
1450,1450,1600,12.3,,39.6,0.0408268,117.875
236,236,1600,0,,31.7,0.0027238,125.625
63,63,6300,0,,31.7,0.00331266,113.775
495,495,6300,0,,39.6,0.00193287,121.313
773,773,6300,0,,31.7,0.000812164,130.34
308,308,4000,4,,71.3,0.00400603,121.728
1421,1421,3150,12.3,,71.3,0.0337792,120.798
405,405,6300,7.3,,71.3,0.0104404,115.818
116,116,1000,3,,55.5,0.00452492,129.329
965,965,5000,0,,71.3,0.000400682,136.837
1334,1334,1000,3.3,,31.7,0.00251435,133.012
1446,1446,630,12.3,,39.6,0.0408268,121.315
1186,1186,800,17.4,,39.6,0.0172206,135.324
726,726,1000,0,,71.3,0.000740478,129.45
1044,1044,500,4.8,,31.7,0.000930789,116.128
397,397,1000,7.3,,71.3,0.0104404,126.838
1237,1237,3150,22.2,,39.6,0.0229028,120.856
1286,1286,2000,0,,31.7,0.00150092,133.153
1027,1027,12500,4.8,,55.5,0.000873218,125.094
980,980,12500,0,,55.5,0.00041229,131.453
1364,1364,1000,6.7,,39.6,0.00578076,134.515
1382,1382,630,8.9,,71.3,0.0103088,138.423
732,732,4000,0,,71.3,0.000740478,134.43
719,719,2000,12.6,,39.6,0.0584113,109.52
189,189,1600,0,,71.3,0.00214345,129.134
392,392,315,7.3,,71.3,0.0104404,139.808
793,793,4000,4.2,,39.6,0.00152689,131.807
1155,1155,1250,17.4,,71.3,0.016104,126.356
259,259,500,2,,55.5,0.00313525,124.692
655,655,2000,9.9,,55.5,0.0208438,119.505
220,220,1000,0,,39.6,0.00253511,130.435
1067,1067,6300,9.5,,71.3,0.00420654,127.246
697,697,500,12.6,,71.3,0.0483159,121.664
1195,1195,200,17.4,,31.7,0.0176631,116.146
623,623,3150,7.2,,39.6,0.00909175,111.818
1300,1300,3150,3.3,,71.3,0.00202822,132.114
192,192,3150,0,,71.3,0.00214345,127.834
1014,1014,10000,4.8,,71.3,0.000848633,127.398
1162,1162,6300,17.4,,71.3,0.016104,119.916
1496,1496,1600,15.6,,39.6,0.0528487,114.554
526,526,500,2.7,,39.6,0.00294804,121.009
1189,1189,1600,17.4,,39.6,0.0172206,127.614
885,885,8000,15.4,,71.3,0.0264269,112.675
399,399,1600,7.3,,71.3,0.0104404,125.728
778,778,2000,4.2,,71.3,0.00142788,129.848
8,8,5000,0,,71.3,0.00266337,121.301
223,223,2000,0,,39.6,0.00253511,125.305
804,804,3150,8.4,,71.3,0.00529514,131.966
1082,1082,250,9.5,,39.6,0.00449821,116.924
483,483,16000,0,,55.5,0.00172668,112.803
882,882,4000,15.4,,71.3,0.0264269,122.675
1121,1121,1600,12.7,,71.3,0.0121808,134.528
1052,1052,3150,4.8,,31.7,0.000930789,134.268
1013,1013,8000,4.8,,71.3,0.000848633,131.518
854,854,4000,11.2,,71.3,0.014072,122.471
193,193,4000,0,,71.3,0.00214345,125.824
1448,1448,1000,12.3,,39.6,0.0408268,122.435
48,48,200,0,,31.7,0.00331266,117.195
1023,1023,5000,4.8,,55.5,0.000873218,135.484
628,628,10000,7.2,,39.6,0.00909175,110.868
205,205,800,0,,55.5,0.00229336,127.53
601,601,1000,7.2,,71.3,0.00752039,134.273
1424,1424,6300,12.3,,71.3,0.0337792,113.958
379,379,630,5.3,,39.6,0.00614329,132.011
1459,1459,315,12.3,,31.7,0.0418756,124.717
106,106,3150,3,,71.3,0.00425727,121.514
187,187,5000,4,,39.6,0.00579636,113.733
776,776,12500,0,,31.7,0.000812164,119.07
1061,1061,1600,9.5,,71.3,0.00420654,133.756
952,952,500,19.7,,39.6,0.036484,128.444
461,461,4000,0,,71.3,0.0015988,128.857
644,644,6300,9.9,,71.3,0.0193001,112.039
264,264,1600,2,,55.5,0.00313525,126.752
1221,1221,4000,22.2,,71.3,0.0214178,123.917
224,224,2500,0,,39.6,0.00253511,125.025
162,162,1000,4,,71.3,0.00497773,131.015
544,544,800,5.4,,71.3,0.00401199,131.281
881,881,3150,15.4,,71.3,0.0264269,125.715
661,661,200,9.9,,39.6,0.0233328,127.315
1051,1051,2500,4.8,,31.7,0.000930789,132.588
514,514,1250,2.7,,71.3,0.00243851,130.144
1438,1438,4000,12.3,,55.5,0.0368233,114.404
45,45,8000,0,,39.6,0.00310138,114.779
412,412,800,7.3,,55.5,0.0111706,128.444
1201,1201,800,17.4,,31.7,0.0176631,139.226
600,600,800,7.2,,71.3,0.00752039,136.023
1458,1458,250,12.3,,31.7,0.0418756,125.857
850,850,1600,11.2,,71.3,0.014072,135.191
146,146,800,3,,31.7,0.00529514,128.708
172,172,10000,4,,71.3,0.00497773,110.905
1264,1264,6300,0,,55.5,0.00131983,127.73
875,875,800,15.4,,71.3,0.0264269,131.515
1198,1198,400,17.4,,31.7,0.0176631,120.766
460,460,3150,0,,71.3,0.0015988,129.377
117,117,1250,3,,55.5,0.00452492,127.329
614,614,400,7.2,,39.6,0.00909175,132.118
1355,1355,1000,6.7,,55.5,0.0052139,137.233
301,301,800,4,,71.3,0.00400603,130.688
274,274,630,2,,39.6,0.00346574,127.417
554,554,400,5.4,,55.5,0.00433288,126.807
521,521,6300,2.7,,71.3,0.00243851,121.944
1235,1235,2000,22.2,,39.6,0.0229028,121.256
637,637,1250,9.9,,71.3,0.0193001,122.679
971,971,20000,0,,71.3,0.000400682,123.217
320,320,1000,4,,55.5,0.0042862,132.134
1347,1347,1250,6.7,,71.3,0.00478288,137.658
1301,1301,4000,3.3,,71.3,0.00202822,128.704
1425,1425,200,12.3,,55.5,0.0368233,132.304
168,168,4000,4,,71.3,0.00497773,119.535
602,602,1250,7.2,,71.3,0.00752039,132.513
472,472,1250,0,,55.5,0.00172668,129.953
856,856,250,11.2,,39.6,0.0150478,126.43
975,975,4000,0,,55.5,0.00041229,133.223
1035,1035,1600,4.8,,39.6,0.000907475,125.966
852,852,2500,11.2,,71.3,0.014072,130.541
1163,1163,8000,17.4,,71.3,0.016104,115.466
398,398,1250,7.3,,71.3,0.0104404,127.358
210,210,2500,0,,55.5,0.00229336,126.54
1315,1315,5000,3.3,,55.5,0.002211,124.839
1271,1271,1250,0,,39.6,0.00146332,132.271
335,335,1000,4,,39.6,0.00473801,129.969
728,728,1600,0,,71.3,0.000740478,129.68
447,447,1600,7.3,,31.7,0.0132672,119.039
176,176,400,4,,39.6,0.00579636,128.633
919,919,250,15.4,,31.7,0.0289853,121.225
1224,1224,8000,22.2,,71.3,0.0214178,121.657
786,786,12500,4.2,,71.3,0.00142788,117.328
134,134,1600,3,,39.6,0.00495741,122.782
871,871,315,15.4,,71.3,0.0264269,126.195
705,705,3150,12.6,,71.3,0.0483159,113.334
137,137,3150,3,,39.6,0.00495741,118.922
76,76,8000,1.5,,71.3,0.00336729,115.372
385,385,2500,5.3,,39.6,0.00614329,116.151
194,194,5000,0,,71.3,0.00214345,124.304
1357,1357,1600,6.7,,55.5,0.0052139,133.653
1311,1311,2000,3.3,,55.5,0.002211,133.649
222,222,1600,0,,39.6,0.00253511,127.095
560,560,1600,5.4,,55.5,0.00433288,130.567
1379,1379,315,8.9,,71.3,0.0103088,136.583
260,260,630,2,,55.5,0.00313525,126.842
415,415,1600,7.3,,55.5,0.0111706,123.354
1501,1501,5000,15.6,,39.6,0.0528487,106.224
1322,1322,1250,3.3,,39.6,0.00245138,133.211
155,155,6300,3,,31.7,0.00529514,109.718
278,278,1600,2,,39.6,0.00346574,125.837
567,567,8000,5.4,,55.5,0.00433288,114.927
595,595,6300,5.4,,31.7,0.00525474,115.591
722,722,4000,12.6,,39.6,0.0584113,104.5
1288,1288,3150,0,,31.7,0.00150092,129.973
528,528,800,2.7,,39.6,0.00294804,128.829
822,822,800,8.4,,39.6,0.00566229,128.435
894,894,1250,15.4,,55.5,0.0271925,130
874,874,630,15.4,,71.3,0.0264269,129.645
1372,1372,800,6.7,,31.7,0.00592927,132.886
1328,1328,5000,3.3,,39.6,0.00245138,122.371
1481,1481,1250,15.6,,71.3,0.0437259,123.178
1213,1213,630,22.2,,71.3,0.0214178,120.657
1418,1418,1600,12.3,,71.3,0.0337792,124.748
49,49,250,0,,31.7,0.00331266,118.595
108,108,5000,3,,71.3,0.00425727,118.134
73,73,4000,1.5,,71.3,0.00336729,121.762
304,304,1600,4,,71.3,0.00400603,129.468
1270,1270,1000,0,,39.6,0.00146332,130.781
356,356,3150,4,,31.7,0.00509068,120.229
1415,1415,800,12.3,,71.3,0.0337792,127.318
1094,1094,4000,9.5,,39.6,0.00449821,127.864
548,548,2000,5.4,,71.3,0.00401199,131.111
733,733,5000,0,,71.3,0.000740478,134.43
923,923,630,15.4,,31.7,0.0289853,124.685
129,129,500,3,,39.6,0.00495741,127.632
578,578,3150,5.4,,39.6,0.00485029,119.137
1457,1457,200,12.3,,31.7,0.0418756,124.987
720,720,2500,12.6,,39.6,0.0584113,106.88
277,277,1250,2,,39.6,0.00346574,128.257
512,512,800,2.7,,71.3,0.00243851,127.394
538,538,8000,2.7,,39.6,0.00294804,116.659
105,105,2500,3,,71.3,0.00425727,124.024
785,785,10000,4.2,,71.3,0.00142788,121.238
1127,1127,6300,12.7,,71.3,0.0121808,125.398
760,760,6300,0,,39.6,0.000791822,131.918
593,593,4000,5.4,,31.7,0.00525474,116.181
754,754,1600,0,,39.6,0.000791822,130.908
269,269,5000,2,,55.5,0.00313525,120.472
731,731,3150,0,,71.3,0.000740478,135.07
717,717,1250,12.6,,39.6,0.0584113,112.16
995,995,1250,0,,31.7,0.000439472,127.947
1087,1087,800,9.5,,39.6,0.00449821,129.014
1131,1131,315,12.7,,39.6,0.0130253,123.537
1414,1414,630,12.3,,71.3,0.0337792,135.368
60,60,3150,0,,31.7,0.00331266,119.135
574,574,1250,5.4,,39.6,0.00485029,127.117
496,496,8000,0,,39.6,0.00193287,120.553
148,148,1250,3,,31.7,0.00529514,124.838
57,57,1600,0,,31.7,0.00331266,122.365
71,71,2500,1.5,,71.3,0.00336729,124.512
968,968,10000,0,,71.3,0.000400682,130.787
545,545,1000,5.4,,71.3,0.00401199,133.201
1076,1076,2500,9.5,,55.5,0.0043284,134.152
246,246,800,2,,71.3,0.00293031,128.216
531,531,1600,2.7,,39.6,0.00294804,130.049
916,916,5000,15.4,,39.6,0.0282593,114.453
1375,1375,1600,6.7,,31.7,0.00592927,124.346
577,577,2500,5.4,,39.6,0.00485029,120.497
588,588,1250,5.4,,31.7,0.00525474,123.991
1396,1396,400,8.9,,39.6,0.0124596,135.54
909,909,1000,15.4,,39.6,0.0282593,127.893
271,271,315,2,,39.6,0.00346574,120.137
481,481,10000,0,,55.5,0.00172668,119.253
268,268,4000,2,,55.5,0.00313525,122.232
959,959,2500,19.7,,39.6,0.036484,116.184
294,294,2500,2,,31.7,0.00372371,121.407
1096,1096,6300,9.5,,39.6,0.00449821,120.324
1480,1480,1000,15.6,,71.3,0.0437259,124.438
1202,1202,1000,17.4,,31.7,0.0176631,131.796
292,292,1600,2,,31.7,0.00372371,125.797
491,491,2500,0,,39.6,0.00193287,126.863
1298,1298,2000,3.3,,71.3,0.00202822,134.034
195,195,6300,0,,71.3,0.00214345,122.044
1156,1156,1600,17.4,,71.3,0.016104,126.406
142,142,315,3,,31.7,0.00529514,123.118
374,374,10000,5.3,,71.3,0.0051942,111.35
541,541,400,5.4,,71.3,0.00401199,124.121
1435,1435,2000,12.3,,55.5,0.0368233,118.564
771,771,4000,0,,31.7,0.000812164,134.11
1029,1029,20000,4.8,,55.5,0.000873218,121.284
406,406,200,7.3,,55.5,0.0111706,135.234
1410,1410,250,12.3,,71.3,0.0337792,131.568
775,775,10000,0,,31.7,0.000812164,122.45
559,559,1250,5.4,,55.5,0.00433288,130.777
1262,1262,4000,0,,55.5,0.00131983,129.5
864,864,1600,11.2,,39.6,0.0150478,126.54
125,125,8000,3,,55.5,0.00452492,113.799
1012,1012,6300,4.8,,71.3,0.000848633,134.498
651,651,800,9.9,,55.5,0.0208438,126.565
1391,1391,5000,8.9,,71.3,0.0103088,116.723
267,267,3150,2,,55.5,0.00313525,123.742
1039,1039,4000,4.8,,39.6,0.000907475,134.996
769,769,2500,0,,31.7,0.000812164,134.87
1193,1193,4000,17.4,,39.6,0.0172206,122.724
375,375,250,5.3,,39.6,0.00614329,127.011
636,636,1000,9.9,,71.3,0.0193001,126.349
487,487,1000,0,,39.6,0.00193287,130.033
1299,1299,2500,3.3,,71.3,0.00202822,133.894
517,517,2500,2.7,,71.3,0.00243851,128.334
1006,1006,16000,0,,31.7,0.000439472,125.627
1086,1086,630,9.5,,39.6,0.00449821,126.514
1160,1160,4000,17.4,,71.3,0.016104,125.586
121,121,3150,3,,55.5,0.00452492,120.189
1442,1442,250,12.3,,39.6,0.0408268,129.675
1064,1064,3150,9.5,,71.3,0.00420654,136.166
795,795,6300,4.2,,39.6,0.00152689,125.717
626,626,6300,7.2,,39.6,0.00909175,112.688
530,530,1250,2.7,,39.6,0.00294804,130.829
272,272,400,2,,39.6,0.00346574,122.147
409,409,400,7.3,,55.5,0.0111706,135.924
395,395,630,7.3,,71.3,0.0104404,133.768
1247,1247,3150,0,,71.3,0.00121072,131.955
867,867,3150,11.2,,39.6,0.0150478,119.67
1295,1295,1000,3.3,,71.3,0.00202822,131.434
1359,1359,2500,6.7,,55.5,0.0052139,124.273
812,812,1250,8.4,,55.5,0.00544854,132.252
556,556,630,5.4,,55.5,0.00433288,131.807
896,896,2000,15.4,,55.5,0.0271925,127.04
1192,1192,3150,17.4,,39.6,0.0172206,123.564
1033,1033,1000,4.8,,39.6,0.000907475,122.956
1317,1317,8000,3.3,,55.5,0.002211,120.569
1294,1294,800,3.3,,71.3,0.00202822,131.074
557,557,800,5.4,,55.5,0.00433288,133.097
497,497,10000,0,,39.6,0.00193287,115.413
962,962,2500,0,,71.3,0.000400682,133.707
1500,1500,4000,15.6,,39.6,0.0528487,106.604
337,337,1600,4,,39.6,0.00473801,125.319
1302,1302,5000,3.3,,71.3,0.00202822,127.054
1423,1423,5000,12.3,,71.3,0.0337792,116.108
122,122,4000,3,,55.5,0.00452492,118.689
1476,1476,400,15.6,,71.3,0.0437259,134.058
87,87,1600,1.5,,39.6,0.00392107,122.211
126,126,10000,3,,55.5,0.00452492,112.169
891,891,630,15.4,,55.5,0.0271925,129.33
1055,1055,6300,4.8,,31.7,0.000930789,132.898
1219,1219,2500,22.2,,71.3,0.0214178,126.097
161,161,800,4,,71.3,0.00497773,131.755
1165,1165,250,17.4,,55.5,0.0165706,110.491
843,843,315,11.2,,71.3,0.014072,128.381
1110,1110,4000,9.5,,31.7,0.00461377,126.736
634,634,630,9.9,,71.3,0.0193001,129.889
263,263,1250,2,,55.5,0.00313525,128.762
69,69,1600,1.5,,71.3,0.00336729,126.632
745,745,4000,0,,55.5,0.00076193,134.946
976,976,5000,0,,55.5,0.00041229,135.803
180,180,1000,4,,39.6,0.00579636,128.723
1445,1445,500,12.3,,39.6,0.0408268,122.205
1040,1040,5000,4.8,,39.6,0.000907475,135.426
585,585,630,5.4,,31.7,0.00525474,131.471
845,845,500,11.2,,71.3,0.014072,130.311
1278,1278,6300,0,,39.6,0.00146332,125.631
1309,1309,1250,3.3,,55.5,0.002211,132.769
401,401,2500,7.3,,71.3,0.0104404,122.088
1050,1050,2000,4.8,,31.7,0.000930789,130.148
890,890,500,15.4,,55.5,0.0271925,127.22
1111,1111,5000,9.5,,31.7,0.00461377,124.426
1045,1045,630,4.8,,31.7,0.000930789,120.078
386,386,3150,5.3,,39.6,0.00614329,118.441
522,522,8000,2.7,,71.3,0.00243851,120.534
1468,1468,2500,12.3,,31.7,0.0418756,110.317
1222,1222,5000,22.2,,71.3,0.0214178,125.727
565,565,5000,5.4,,55.5,0.00433288,118.757
1104,1104,1000,9.5,,31.7,0.00461377,131.346
1352,1352,500,6.7,,55.5,0.0052139,129.343
1426,1426,250,12.3,,55.5,0.0368233,133.294
217,217,500,0,,39.6,0.00253511,126.195
1367,1367,2000,6.7,,39.6,0.00578076,122.235
456,456,1250,0,,71.3,0.0015988,128.927
231,231,500,0,,31.7,0.0027238,126.675
599,599,630,7.2,,71.3,0.00752039,134.853
1184,1184,500,17.4,,39.6,0.0172206,117.514
974,974,3150,0,,55.5,0.00041229,130.503
156,156,250,4,,71.3,0.00497773,126.395
791,791,2500,4.2,,39.6,0.00152689,133.847
1339,1339,3150,3.3,,31.7,0.00251435,128.252
1246,1246,2500,0,,71.3,0.00121072,132.595
243,243,400,2,,71.3,0.00293031,125.116
707,707,5000,12.6,,71.3,0.0483159,108.034
1037,1037,2500,4.8,,39.6,0.000907475,131.236
1249,1249,5000,0,,71.3,0.00121072,130.795
823,823,1000,8.4,,39.6,0.00566229,130.195
608,608,5000,7.2,,71.3,0.00752039,118.343
727,727,1250,0,,71.3,0.000740478,128.56
766,766,1250,0,,31.7,0.000812164,129.27
89,89,2500,1.5,,39.6,0.00392107,120.981
1366,1366,1600,6.7,,39.6,0.00578076,127.375
293,293,2000,2,,31.7,0.00372371,123.037
1254,1254,630,0,,55.5,0.00131983,126.17
1042,1042,8000,4.8,,39.6,0.000907475,131.346
1209,1209,5000,17.4,,31.7,0.0176631,117.996
649,649,500,9.9,,55.5,0.0208438,127.815
1146,1146,10000,12.7,,39.6,0.0130253,116.017
1226,1226,250,22.2,,39.6,0.0229028,117.386
184,184,2500,4,,39.6,0.00579636,120.233
484,484,500,0,,39.6,0.00193287,119.513
1068,1068,400,9.5,,55.5,0.0043284,120.952
9,9,6300,0,,71.3,0.00266337,119.541
846,846,630,11.2,,71.3,0.014072,133.611
525,525,16000,2.7,,71.3,0.00243851,110.364
1381,1381,500,8.9,,71.3,0.0103088,138.523
947,947,4000,19.7,,71.3,0.0341183,113.045
252,252,3150,2,,71.3,0.00293031,126.116
1020,1020,2500,4.8,,55.5,0.000873218,129.144
1071,1071,800,9.5,,55.5,0.0043284,128.082
458,458,2000,0,,71.3,0.0015988,128.647
624,624,4000,7.2,,39.6,0.00909175,114.258
442,442,500,7.3,,31.7,0.0132672,128.169
904,904,315,15.4,,39.6,0.0282593,124.493
694,694,250,12.6,,71.3,0.0483159,129.744
30,30,250,0,,39.6,0.00310138,119.319
167,167,3150,4,,71.3,0.00497773,121.775
1170,1170,800,17.4,,55.5,0.0165706,123.091
83,83,630,1.5,,39.6,0.00392107,128.311
22,22,3150,0,,55.5,0.00283081,123.236
1390,1390,4000,8.9,,71.3,0.0103088,120.243
468,468,500,0,,55.5,0.00172668,120.573
183,183,2000,4,,39.6,0.00579636,120.963
1280,1280,10000,0,,39.6,0.00146332,119.561
420,420,5000,7.3,,55.5,0.0111706,113.144
1098,1098,250,9.5,,31.7,0.00461377,120.136
1168,1168,500,17.4,,55.5,0.0165706,119.621
678,678,250,9.9,,31.7,0.0252785,128.559
713,713,500,12.6,,39.6,0.0584113,114.9
606,606,3150,7.2,,71.3,0.00752039,116.783
698,698,630,12.6,,71.3,0.0483159,123.304
1470,1470,4000,12.3,,31.7,0.0418756,108.407
1332,1332,630,3.3,,31.7,0.00251435,128.952
1310,1310,1600,3.3,,55.5,0.002211,133.649
800,800,1250,8.4,,71.3,0.00529514,132.086
1210,1210,315,22.2,,71.3,0.0214178,115.857
650,650,630,9.9,,55.5,0.0208438,127.315
1134,1134,630,12.7,,39.6,0.0130253,128.867
1102,1102,630,9.5,,31.7,0.00461377,129.006
1057,1057,630,9.5,,71.3,0.00420654,125.726
627,627,8000,7.2,,39.6,0.00909175,111.588
1130,1130,250,12.7,,39.6,0.0130253,121.547
1137,1137,1250,12.7,,39.6,0.0130253,130.777
255,255,6300,2,,71.3,0.00293031,120.786
191,191,2500,0,,71.3,0.00214345,128.354
111,111,10000,3,,71.3,0.00425727,110.224
437,437,6300,7.3,,39.6,0.0123481,110.839
26,26,8000,0,,55.5,0.00283081,116.476
862,862,1000,11.2,,39.6,0.0150478,132.43
609,609,6300,7.2,,71.3,0.00752039,116.603
646,646,250,9.9,,55.5,0.0208438,133.235
616,616,630,7.2,,39.6,0.00909175,133.198
918,918,200,15.4,,31.7,0.0289853,119.975
799,799,1000,8.4,,71.3,0.00529514,129.946
1385,1385,1250,8.9,,71.3,0.0103088,132.793
829,829,4000,8.4,,39.6,0.00566229,118.955
25,25,6300,0,,55.5,0.00283081,117.976
1122,1122,2000,12.7,,71.3,0.0121808,134.228
977,977,6300,0,,55.5,0.00041229,136.103
1471,1471,5000,12.3,,31.7,0.0418756,107.147
1075,1075,2000,9.5,,55.5,0.0043284,134.052
327,327,5000,4,,55.5,0.0042862,120.034
966,966,6300,0,,71.3,0.000400682,134.987
542,542,500,5.4,,71.3,0.00401199,126.291
1333,1333,800,3.3,,31.7,0.00251435,131.362
250,250,2000,2,,71.3,0.00293031,126.896
1263,1263,5000,0,,55.5,0.00131983,128.36
452,452,5000,7.3,,31.7,0.0132672,111.029
613,613,315,7.2,,39.6,0.00909175,130.558
625,625,5000,7.2,,39.6,0.00909175,113.288
1308,1308,1000,3.3,,55.5,0.002211,131.129
1253,1253,12500,0,,71.3,0.00121072,119.375
1220,1220,3150,22.2,,71.3,0.0214178,124.127
241,241,5000,0,,31.7,0.0027238,120.505
407,407,250,7.3,,55.5,0.0111706,136.384
693,693,200,12.6,,71.3,0.0483159,128.354
681,681,500,9.9,,31.7,0.0252785,127.179
1456,1456,6300,12.3,,39.6,0.0408268,107.985
740,740,1250,0,,55.5,0.00076193,127.076
972,972,2000,0,,55.5,0.00041229,127.623
1204,1204,1600,17.4,,31.7,0.0176631,126.846
1304,1304,8000,3.3,,71.3,0.00202822,121.234
201,201,315,0,,55.5,0.00229336,119.54
511,511,630,2.7,,71.3,0.00243851,127.404
910,910,1250,15.4,,39.6,0.0282593,126.743
738,738,800,0,,55.5,0.00076193,124.336
336,336,1250,4,,39.6,0.00473801,128.339
431,431,1600,7.3,,39.6,0.0123481,121.059
230,230,400,0,,31.7,0.0027238,123.635
365,365,1250,5.3,,71.3,0.0051942,133.38
610,610,8000,7.2,,71.3,0.00752039,113.333
283,283,5000,2,,39.6,0.00346574,118.827
770,770,3150,0,,31.7,0.000812164,135.49
62,62,5000,0,,31.7,0.00331266,115.645
446,446,1250,7.3,,31.7,0.0132672,120.509
954,954,800,19.7,,39.6,0.036484,119.174
423,423,250,7.3,,39.6,0.0123481,131.889
737,737,12500,0,,71.3,0.000740478,125.22
641,641,3150,9.9,,71.3,0.0193001,116.849
333,333,630,4,,39.6,0.00473801,129.579
33,33,500,0,,39.6,0.00310138,126.959
32,32,400,0,,39.6,0.00310138,124.809
844,844,400,11.2,,71.3,0.014072,129.281
1140,1140,2500,12.7,,39.6,0.0130253,129.027
7,7,4000,0,,71.3,0.00266337,123.061
901,901,6300,15.4,,55.5,0.0271925,112.93
204,204,630,0,,55.5,0.00229336,126.16
1080,1080,6300,9.5,,55.5,0.0043284,124.222
99,99,630,3,,71.3,0.00425727,129.354
1344,1344,630,6.7,,71.3,0.00478288,131.448
1474,1474,250,15.6,,71.3,0.0437259,132.158
1321,1321,1000,3.3,,39.6,0.00245138,131.971
827,827,2500,8.4,,39.6,0.00566229,127.465
900,900,5000,15.4,,55.5,0.0271925,117.11
612,612,250,7.2,,39.6,0.00909175,127.488
1153,1153,800,17.4,,71.3,0.016104,124.276
648,648,400,9.9,,55.5,0.0208438,131.605
951,951,400,19.7,,39.6,0.036484,130.614
1492,1492,630,15.6,,39.6,0.0528487,118.084
1081,1081,200,9.5,,39.6,0.00449821,116.074
366,366,1600,5.3,,71.3,0.0051942,130.46
633,633,500,9.9,,71.3,0.0193001,131.279
94,94,8000,1.5,,39.6,0.00392107,112.251
716,716,1000,12.6,,39.6,0.0584113,114.67
216,216,400,0,,39.6,0.00253511,123.565
670,670,1600,9.9,,39.6,0.0233328,118.545
667,667,800,9.9,,39.6,0.0233328,126.345
1107,1107,2000,9.5,,31.7,0.00461377,130.496
825,825,1600,8.4,,39.6,0.00566229,130.965
1261,1261,3150,0,,55.5,0.00131983,131.78
1405,1405,3150,8.9,,39.6,0.0124596,119.35
13,13,16000,0,,71.3,0.00266337,108.721
1141,1141,3150,12.7,,39.6,0.0130253,127.847
1289,1289,4000,0,,31.7,0.00150092,126.933
12,12,12500,0,,71.3,0.00266337,112.241
645,645,200,9.9,,55.5,0.0208438,131.955
435,435,4000,7.3,,39.6,0.0123481,114.079
1443,1443,315,12.3,,39.6,0.0408268,129.415
1217,1217,1600,22.2,,71.3,0.0214178,131.817
101,101,1000,3,,71.3,0.00425727,129.004
245,245,630,2,,71.3,0.00293031,127.356
1149,1149,315,17.4,,71.3,0.016104,115.846
1257,1257,1250,0,,55.5,0.00131983,131.43
1387,1387,2000,8.9,,71.3,0.0103088,124.233
52,52,500,0,,31.7,0.00331266,127.315
454,454,800,0,,71.3,0.0015988,125.817
1011,1011,5000,4.8,,71.3,0.000848633,135.468
1036,1036,2000,4.8,,39.6,0.000907475,128.916
704,704,2500,12.6,,71.3,0.0483159,115.234
240,240,4000,0,,31.7,0.0027238,122.035
351,351,1000,4,,31.7,0.00509068,129.869
80,80,315,1.5,,39.6,0.00392107,121.851
932,932,5000,15.4,,31.7,0.0289853,112.355
859,859,500,11.2,,39.6,0.0150478,131.96
895,895,1600,15.4,,55.5,0.0271925,128.2
797,797,10000,4.2,,39.6,0.00152689,116.967
23,23,4000,0,,55.5,0.00283081,121.106
1,1,1000,0,,71.3,0.00266337,125.201
93,93,6300,1.5,,39.6,0.00392107,114.751
455,455,1000,0,,71.3,0.0015988,127.307
1043,1043,10000,4.8,,39.6,0.000907475,126.066
708,708,6300,12.6,,71.3,0.0483159,107.284
499,499,630,0,,31.7,0.00209405,125.997
1188,1188,1250,17.4,,39.6,0.0172206,131.364
757,757,3150,0,,39.6,0.000791822,135.938
677,677,200,9.9,,31.7,0.0252785,127.299
555,555,500,5.4,,55.5,0.00433288,129.367
381,381,1000,5.3,,39.6,0.00614329,125.581
107,107,4000,3,,71.3,0.00425727,120.264
213,213,5000,0,,55.5,0.00229336,122.41
788,788,1250,4.2,,39.6,0.00152689,128.427
91,91,4000,1.5,,39.6,0.00392107,117.741
131,131,800,3,,39.6,0.00495741,129.552
70,70,2000,1.5,,71.3,0.00336729,126.642
1003,1003,8000,0,,31.7,0.000439472,137.207
933,933,6300,15.4,,31.7,0.0289853,108.185
863,863,1250,11.2,,39.6,0.0150478,130.05
169,169,5000,4,,71.3,0.00497773,117.785
1427,1427,315,12.3,,55.5,0.0368233,135.674
314,314,16000,4,,71.3,0.00400603,112.768
1031,1031,630,4.8,,39.6,0.000907475,118.696
1441,1441,200,12.3,,39.6,0.0408268,128.545
1072,1072,1000,9.5,,55.5,0.0043284,130.332
955,955,1000,19.7,,39.6,0.036484,118.904
78,78,12500,1.5,,71.3,0.00336729,109.222
508,508,5000,0,,31.7,0.00209405,122.397
690,690,4000,9.9,,31.7,0.0252785,111.459
1066,1066,5000,9.5,,71.3,0.00420654,131.186
150,150,2000,3,,31.7,0.00529514,120.088
981,981,16000,0,,55.5,0.00041229,125.683
1171,1171,1000,17.4,,55.5,0.0165706,126.001
783,783,6300,4.2,,71.3,0.00142788,129.308
88,88,2000,1.5,,39.6,0.00392107,122.101
969,969,12500,0,,71.3,0.000400682,133.207
480,480,8000,0,,55.5,0.00172668,121.903
658,658,4000,9.9,,55.5,0.0208438,112.945
660,660,6300,9.9,,55.5,0.0208438,110.555
31,31,315,0,,39.6,0.00310138,122.779
536,536,5000,2.7,,39.6,0.00294804,121.499
679,679,315,9.9,,31.7,0.0252785,128.809
563,563,3150,5.4,,55.5,0.00433288,121.587
1049,1049,1600,4.8,,31.7,0.000930789,128.718
120,120,2500,3,,55.5,0.00452492,122.439
774,774,8000,0,,31.7,0.000812164,126.59
979,979,10000,0,,55.5,0.00041229,134.563
662,662,250,9.9,,39.6,0.0233328,128.335
378,378,500,5.3,,39.6,0.00614329,132.251
1260,1260,2500,0,,55.5,0.00131983,133.04
1345,1345,800,6.7,,71.3,0.00478288,134.478
792,792,3150,4.2,,39.6,0.00152689,133.587
488,488,1250,0,,39.6,0.00193287,131.023
927,927,1600,15.4,,31.7,0.0289853,121.485
1227,1227,315,22.2,,39.6,0.0229028,120.716
1370,1370,500,6.7,,31.7,0.00592927,130.206
1196,1196,250,17.4,,31.7,0.0176631,116.956
1383,1383,800,8.9,,71.3,0.0103088,137.813
390,390,200,7.3,,71.3,0.0104404,138.758
1499,1499,3150,15.6,,39.6,0.0528487,109.254
1449,1449,1250,12.3,,39.6,0.0408268,121.165
742,742,2000,0,,55.5,0.00076193,131.456
225,225,3150,0,,39.6,0.00253511,124.625
299,299,500,4,,71.3,0.00400603,126.758
266,266,2500,2,,55.5,0.00313525,123.862
638,638,1600,9.9,,71.3,0.0193001,121.789
1420,1420,2500,12.3,,71.3,0.0337792,121.318
185,185,3150,4,,39.6,0.00579636,118.743
1095,1095,5000,9.5,,39.6,0.00449821,125.044
1112,1112,6300,9.5,,31.7,0.00461377,120.726
680,680,400,9.9,,31.7,0.0252785,128.939
994,994,1000,0,,31.7,0.000439472,125.127
1462,1462,630,12.3,,31.7,0.0418756,119.287
801,801,1600,8.4,,71.3,0.00529514,133.846
873,873,500,15.4,,71.3,0.0264269,127.285
1041,1041,6300,4.8,,39.6,0.000907475,134.336
485,485,630,0,,39.6,0.00193287,124.403
434,434,3150,7.3,,39.6,0.0123481,114.309
1116,1116,500,12.7,,71.3,0.0121808,126.898
1351,1351,3150,6.7,,71.3,0.00478288,124.458
790,790,2000,4.2,,39.6,0.00152689,132.587
476,476,3150,0,,55.5,0.00172668,127.753
878,878,1600,15.4,,71.3,0.0264269,130.065
630,630,250,9.9,,71.3,0.0193001,135.329
46,46,10000,0,,39.6,0.00310138,112.139
1233,1233,1250,22.2,,39.6,0.0229028,126.446
883,883,5000,15.4,,71.3,0.0264269,119.135
462,462,5000,0,,71.3,0.0015988,126.457
1245,1245,2000,0,,71.3,0.00121072,132.095
1290,1290,5000,0,,31.7,0.00150092,124.393
347,347,400,4,,31.7,0.00509068,126.149
1123,1123,2500,12.7,,71.3,0.0121808,134.058
470,470,800,0,,55.5,0.00172668,126.713
906,906,500,15.4,,39.6,0.0282593,125.963
1291,1291,6300,0,,31.7,0.00150092,124.253
1478,1478,630,15.6,,71.3,0.0437259,122.288
1214,1214,800,22.2,,71.3,0.0214178,123.227
207,207,1250,0,,55.5,0.00229336,127.91
396,396,800,7.3,,71.3,0.0104404,130.748
806,806,5000,8.4,,71.3,0.00529514,121.146
1498,1498,2500,15.6,,39.6,0.0528487,110.264
604,604,2000,7.2,,71.3,0.00752039,128.643
1026,1026,10000,4.8,,55.5,0.000873218,126.944
1342,1342,6300,3.3,,31.7,0.00251435,120.702
553,553,6300,5.4,,71.3,0.00401199,116.411
82,82,500,1.5,,39.6,0.00392107,126.661
808,808,500,8.4,,55.5,0.00544854,123.742
1306,1306,630,3.3,,55.5,0.002211,126.599
817,817,4000,8.4,,55.5,0.00544854,122.612
1469,1469,3150,12.3,,31.7,0.0418756,110.307
354,354,2000,4,,31.7,0.00509068,122.089
866,866,2500,11.2,,39.6,0.0150478,122.17
345,345,250,4,,31.7,0.00509068,120.189
938,938,500,19.7,,71.3,0.0341183,126.995
417,417,2500,7.3,,55.5,0.0111706,118.994
1409,1409,200,12.3,,71.3,0.0337792,130.588
34,34,630,0,,39.6,0.00310138,128.629
286,286,400,2,,31.7,0.00372371,123.417
465,465,10000,0,,71.3,0.0015988,120.247
513,513,1000,2.7,,71.3,0.00243851,128.774
37,37,1250,0,,39.6,0.00310138,125.499
81,81,400,1.5,,39.6,0.00392107,124.001
1142,1142,4000,12.7,,39.6,0.0130253,126.537
284,284,6300,2,,39.6,0.00346574,116.417
35,35,800,0,,39.6,0.00310138,129.099
807,807,400,8.4,,55.5,0.00544854,121.582
1433,1433,1250,12.3,,55.5,0.0368233,124.214
400,400,2000,7.3,,71.3,0.0104404,122.708
622,622,2500,7.2,,39.6,0.00909175,117.478
1369,1369,400,6.7,,31.7,0.00592927,128.296
135,135,2000,3,,39.6,0.00495741,120.532
1403,1403,2000,8.9,,39.6,0.0124596,119.04
581,581,6300,5.4,,39.6,0.00485029,116.677
1331,1331,10000,3.3,,39.6,0.00245138,115.321
735,735,8000,0,,71.3,0.000740478,130.89
686,686,1600,9.9,,31.7,0.0252785,117.119
1108,1108,2500,9.5,,31.7,0.00461377,130.086
899,899,4000,15.4,,55.5,0.0271925,120.92
1166,1166,315,17.4,,55.5,0.0165706,111.911
842,842,250,11.2,,71.3,0.014072,127.101
300,300,630,4,,71.3,0.00400603,129.038
1256,1256,1000,0,,55.5,0.00131983,129.8
652,652,1000,9.9,,55.5,0.0208438,124.665
403,403,4000,7.3,,71.3,0.0104404,119.208
1172,1172,1250,17.4,,55.5,0.0165706,129.301
1494,1494,1000,15.6,,39.6,0.0528487,119.224
1360,1360,400,6.7,,39.6,0.00578076,128.295
360,360,400,5.3,,71.3,0.0051942,127.7
344,344,8000,4,,39.6,0.00473801,113.129
280,280,2500,2,,39.6,0.00346574,121.397
353,353,1600,4,,31.7,0.00509068,125.229
1472,1472,6300,12.3,,31.7,0.0418756,107.267
703,703,2000,12.6,,71.3,0.0483159,117.504
1101,1101,500,9.5,,31.7,0.00461377,126.886
340,340,3150,4,,39.6,0.00473801,120.419
1083,1083,315,9.5,,39.6,0.00449821,119.294
408,408,315,7.3,,55.5,0.0111706,136.284
908,908,800,15.4,,39.6,0.0282593,128.423
1194,1194,5000,17.4,,39.6,0.0172206,119.854
1167,1167,400,17.4,,55.5,0.0165706,115.461
1431,1431,800,12.3,,55.5,0.0368233,125.114
1484,1484,2500,15.6,,71.3,0.0437259,118.998
1296,1296,1250,3.3,,71.3,0.00202822,132.304
888,888,315,15.4,,55.5,0.0271925,125.39
432,432,2000,7.3,,39.6,0.0123481,117.809
696,696,400,12.6,,71.3,0.0483159,127.094
1417,1417,1250,12.3,,71.3,0.0337792,126.648
349,349,630,4,,31.7,0.00509068,130.349
1378,1378,250,8.9,,71.3,0.0103088,134.533
429,429,1000,7.3,,39.6,0.0123481,122.539
307,307,3150,4,,71.3,0.00400603,124.108
1002,1002,6300,0,,31.7,0.000439472,138.537
1349,1349,2000,6.7,,71.3,0.00478288,134.568
1358,1358,2000,6.7,,55.5,0.0052139,129.653
350,350,800,4,,31.7,0.00509068,130.869
51,51,400,0,,31.7,0.00331266,125.045
948,948,200,19.7,,39.6,0.036484,125.974
761,761,8000,0,,39.6,0.000791822,128.518
1338,1338,2500,3.3,,31.7,0.00251435,130.392
363,363,800,5.3,,71.3,0.0051942,133.48
424,424,315,7.3,,39.6,0.0123481,132.149
1164,1164,200,17.4,,55.5,0.0165706,109.951
1133,1133,500,12.7,,39.6,0.0130253,127.127
475,475,2500,0,,55.5,0.00172668,127.763
751,751,800,0,,39.6,0.000791822,126.508
325,325,3150,4,,55.5,0.0042862,122.394
209,209,2000,0,,55.5,0.00229336,126.54
917,917,6300,15.4,,39.6,0.0282593,109.663
1089,1089,1250,9.5,,39.6,0.00449821,130.964
736,736,10000,0,,71.3,0.000740478,128.74
67,67,1000,1.5,,71.3,0.00336729,125.992
1318,1318,10000,3.3,,55.5,0.002211,115.659
1132,1132,400,12.7,,39.6,0.0130253,125.527
958,958,2000,19.7,,39.6,0.036484,117.724
789,789,1600,4.2,,39.6,0.00152689,130.197
361,361,500,5.3,,71.3,0.0051942,129.88
342,342,5000,4,,39.6,0.00473801,117.649
357,357,4000,4,,31.7,0.00509068,118.859
507,507,4000,0,,31.7,0.00209405,123.807
352,352,1250,4,,31.7,0.00509068,128.119
1231,1231,800,22.2,,39.6,0.0229028,137.076
683,683,800,9.9,,31.7,0.0252785,125.539
1230,1230,630,22.2,,39.6,0.0229028,137.026
326,326,4000,4,,55.5,0.0042862,120.654
1038,1038,3150,4.8,,39.6,0.000907475,133.436
85,85,1000,1.5,,39.6,0.00392107,127.581
312,312,10000,4,,71.3,0.00400603,113.108
248,248,1250,2,,71.3,0.00293031,128.816
519,519,4000,2.7,,71.3,0.00243851,126.534
303,303,1250,4,,71.3,0.00400603,131.718
580,580,5000,5.4,,39.6,0.00485029,117.037
756,756,2500,0,,39.6,0.000791822,134.938
311,311,8000,4,,71.3,0.00400603,112.848
629,629,200,9.9,,71.3,0.0193001,134.319
712,712,400,12.6,,39.6,0.0584113,115.91
253,253,4000,2,,71.3,0.00293031,124.086
715,715,800,12.6,,39.6,0.0584113,116.56
1272,1272,1600,0,,39.6,0.00146332,133.261
174,174,250,4,,39.6,0.00579636,123.543
930,930,3150,15.4,,31.7,0.0289853,118.045
809,809,630,8.4,,55.5,0.00544854,126.152
520,520,5000,2.7,,71.3,0.00243851,124.364
724,724,6300,12.6,,39.6,0.0584113,103.38
413,413,1000,7.3,,55.5,0.0111706,125.194
318,318,630,4,,55.5,0.0042862,129.964
501,501,1000,0,,31.7,0.00209405,130.987
309,309,5000,4,,71.3,0.00400603,121.118
227,227,5000,0,,39.6,0.00253511,122.175
211,211,3150,0,,55.5,0.00229336,125.16
1244,1244,1600,0,,71.3,0.00121072,131.725
973,973,2500,0,,55.5,0.00041229,130.073
734,734,6300,0,,71.3,0.000740478,133.04
851,851,2000,11.2,,71.3,0.014072,133.311
940,940,800,19.7,,71.3,0.0341183,124.555
920,920,315,15.4,,31.7,0.0289853,122.845
380,380,800,5.3,,39.6,0.00614329,129.491
534,534,3150,2.7,,39.6,0.00294804,122.919
642,642,4000,9.9,,71.3,0.0193001,115.079
893,893,1000,15.4,,55.5,0.0271925,130.4
44,44,6300,0,,39.6,0.00310138,116.229
575,575,1600,5.4,,39.6,0.00485029,126.267
448,448,2000,7.3,,31.7,0.0132672,115.309
1259,1259,2000,0,,55.5,0.00131983,132.54
427,427,630,7.3,,39.6,0.0123481,128.929
1085,1085,500,9.5,,39.6,0.00449821,123.894
1389,1389,3150,8.9,,71.3,0.0103088,123.263
620,620,1600,7.2,,39.6,0.00909175,120.058
552,552,5000,5.4,,71.3,0.00401199,120.061
1145,1145,8000,12.7,,39.6,0.0130253,120.607
730,730,2500,0,,71.3,0.000740478,131.31
621,621,2000,7.2,,39.6,0.00909175,120.228
463,463,6300,0,,71.3,0.0015988,125.427
999,999,3150,0,,31.7,0.000439472,135.227
1313,1313,3150,3.3,,55.5,0.002211,130.629
1466,1466,1600,12.3,,31.7,0.0418756,114.477
764,764,800,0,,31.7,0.000812164,122.79
426,426,500,7.3,,39.6,0.0123481,130.299
202,202,400,0,,55.5,0.00229336,121.66
364,364,1000,5.3,,71.3,0.0051942,134
1475,1475,315,15.6,,71.3,0.0437259,133.808
298,298,6300,2,,31.7,0.00372371,115.137
1279,1279,8000,0,,39.6,0.00146332,122.341
175,175,315,4,,39.6,0.00579636,126.843
748,748,8000,0,,55.5,0.00076193,130.156
1353,1353,630,6.7,,55.5,0.0052139,133.023
1429,1429,500,12.3,,55.5,0.0368233,133.774
810,810,800,8.4,,55.5,0.00544854,128.562
1430,1430,630,12.3,,55.5,0.0368233,124.244
685,685,1250,9.9,,31.7,0.0252785,118.619
190,190,2000,0,,71.3,0.00214345,128.244
747,747,6300,0,,55.5,0.00076193,132.796
221,221,1250,0,,39.6,0.00253511,129.395
39,39,2000,0,,39.6,0.00310138,123.689
203,203,500,0,,55.5,0.00229336,123.78
1009,1009,3150,4.8,,71.3,0.000848633,133.378
763,763,12500,0,,39.6,0.000791822,123.988
1482,1482,1600,15.6,,71.3,0.0437259,121.528
36,36,1000,0,,39.6,0.00310138,127.899
1416,1416,1000,12.3,,71.3,0.0337792,127.928
1109,1109,3150,9.5,,31.7,0.00461377,128.536
777,777,1600,4.2,,71.3,0.00142788,124.318
128,128,400,3,,39.6,0.00495741,125.472
1021,1021,3150,4.8,,55.5,0.000873218,132.354
510,510,8000,0,,31.7,0.00209405,117.957
1326,1326,3150,3.3,,39.6,0.00245138,128.401
1368,1368,315,6.7,,31.7,0.00592927,126.266
1397,1397,500,8.9,,39.6,0.0124596,133.79
576,576,2000,5.4,,39.6,0.00485029,124.647
836,836,1600,8.4,,31.7,0.00580776,129.296
498,498,500,0,,31.7,0.00209405,121.617
569,569,400,5.4,,39.6,0.00485029,127.637
1392,1392,6300,8.9,,71.3,0.0103088,117.253
1419,1419,2000,12.3,,71.3,0.0337792,122.218
1239,1239,5000,22.2,,39.6,0.0229028,118.816
182,182,1600,4,,39.6,0.00579636,123.213
382,382,1250,5.3,,39.6,0.00614329,125.721
796,796,8000,4.2,,39.6,0.00152689,120.397
41,41,3150,0,,39.6,0.00310138,120.319
1232,1232,1000,22.2,,39.6,0.0229028,128.416
706,706,4000,12.6,,71.3,0.0483159,108.034
1453,1453,3150,12.3,,39.6,0.0408268,113.055
228,228,6300,0,,39.6,0.00253511,117.465
206,206,1000,0,,55.5,0.00229336,128.29
384,384,2000,5.3,,39.6,0.00614329,117.911
1177,1177,4000,17.4,,55.5,0.0165706,121.771
921,921,400,15.4,,31.7,0.0289853,123.705
1305,1305,10000,3.3,,71.3,0.00202822,116.694
1394,1394,250,8.9,,39.6,0.0124596,134.34
457,457,1600,0,,71.3,0.0015988,129.667
358,358,5000,4,,31.7,0.00509068,115.969
441,441,400,7.3,,31.7,0.0132672,130.269
1015,1015,12500,4.8,,71.3,0.000848633,127.688
1058,1058,800,9.5,,71.3,0.00420654,127.206
24,24,5000,0,,55.5,0.00283081,119.606
1380,1380,400,8.9,,71.3,0.0103088,138.123
929,929,2500,15.4,,31.7,0.0289853,119.945
931,931,4000,15.4,,31.7,0.0289853,115.635
663,663,315,9.9,,39.6,0.0233328,128.595
1105,1105,1250,9.5,,31.7,0.00461377,131.446
1175,1175,2500,17.4,,55.5,0.0165706,124.931
711,711,315,12.6,,39.6,0.0584113,116.02
1118,1118,800,12.7,,71.3,0.0121808,130.348
768,768,2000,0,,31.7,0.000812164,133.01
818,818,5000,8.4,,55.5,0.00544854,115.812
699,699,800,12.6,,71.3,0.0483159,123.054
523,523,10000,2.7,,71.3,0.00243851,116.724
1218,1218,2000,22.2,,71.3,0.0214178,127.197
1399,1399,800,8.9,,39.6,0.0124596,130.94
1255,1255,800,0,,55.5,0.00131983,127.92
387,387,4000,5.3,,39.6,0.00614329,115.801
912,912,2000,15.4,,39.6,0.0282593,123.443
767,767,1600,0,,31.7,0.000812164,131.01
753,753,1250,0,,39.6,0.000791822,129.148
841,841,200,11.2,,71.3,0.014072,125.941
1114,1114,315,12.7,,71.3,0.0121808,122.938
1393,1393,200,8.9,,39.6,0.0124596,133.42
811,811,1000,8.4,,55.5,0.00544854,130.722
830,830,400,8.4,,31.7,0.00580776,120.076
848,848,1000,11.2,,71.3,0.014072,136.941
798,798,800,8.4,,71.3,0.00529514,127.556
857,857,315,11.2,,39.6,0.0150478,128.99
40,40,2500,0,,39.6,0.00310138,121.399
925,925,1000,15.4,,31.7,0.0289853,124.525
1063,1063,2500,9.5,,71.3,0.00420654,135.956
1211,1211,400,22.2,,71.3,0.0214178,117.927
1467,1467,2000,12.3,,31.7,0.0418756,110.447
889,889,400,15.4,,55.5,0.0271925,126.5
1388,1388,2500,8.9,,71.3,0.0103088,123.623
669,669,1250,9.9,,39.6,0.0233328,120.555
1502,1502,6300,15.6,,39.6,0.0528487,104.204
1362,1362,630,6.7,,39.6,0.00578076,133.355
64,64,8000,0,,31.7,0.00331266,110.515
372,372,6300,5.3,,71.3,0.0051942,116.92
1139,1139,2000,12.7,,39.6,0.0130253,129.567
1454,1454,4000,12.3,,39.6,0.0408268,110.905
65,65,10000,0,,31.7,0.00331266,108.265
1408,1408,6300,8.9,,39.6,0.0124596,113.11
1422,1422,4000,12.3,,71.3,0.0337792,118.018
1054,1054,5000,4.8,,31.7,0.000930789,135.248
926,926,1250,15.4,,31.7,0.0289853,123.255
903,903,250,15.4,,39.6,0.0282593,122.893
373,373,8000,5.3,,71.3,0.0051942,114.9
687,687,2000,9.9,,31.7,0.0252785,116.859
197,197,10000,0,,71.3,0.00214345,118.134
741,741,1600,0,,55.5,0.00076193,128.576
755,755,2000,0,,39.6,0.000791822,132.918
765,765,1000,0,,31.7,0.000812164,126.78
672,672,2500,9.9,,39.6,0.0233328,116.295
527,527,630,2.7,,39.6,0.00294804,125.809
256,256,8000,2,,71.3,0.00293031,115.996
469,469,630,0,,55.5,0.00172668,123.583
1223,1223,6300,22.2,,71.3,0.0214178,123.127
794,794,5000,4.2,,39.6,0.00152689,129.777
68,68,1250,1.5,,71.3,0.00336729,125.872
1447,1447,800,12.3,,39.6,0.0408268,122.315
1136,1136,1000,12.7,,39.6,0.0130253,130.947
884,884,6300,15.4,,71.3,0.0264269,115.215
689,689,3150,9.9,,31.7,0.0252785,112.209
1019,1019,2000,4.8,,55.5,0.000873218,125.054
594,594,5000,5.4,,31.7,0.00525474,115.691
956,956,1250,19.7,,39.6,0.036484,118.634
853,853,3150,11.2,,71.3,0.014072,127.141
787,787,1000,4.2,,39.6,0.00152689,125.647
478,478,5000,0,,55.5,0.00172668,125.203
922,922,500,15.4,,31.7,0.0289853,123.695
139,139,5000,3,,39.6,0.00495741,115.792
1319,1319,630,3.3,,39.6,0.00245138,127.251
618,618,1000,7.2,,39.6,0.00909175,128.338
546,546,1250,5.4,,71.3,0.00401199,134.111
615,615,500,7.2,,39.6,0.00909175,132.658
369,369,3150,5.3,,71.3,0.0051942,123.12
746,746,5000,0,,55.5,0.00076193,134.556
1073,1073,1250,9.5,,55.5,0.0043284,132.202
1243,1243,1250,0,,71.3,0.00121072,130.335
1477,1477,500,15.6,,71.3,0.0437259,130.638
1185,1185,630,17.4,,39.6,0.0172206,124.514
1103,1103,800,9.5,,31.7,0.00461377,130.746
467,467,16000,0,,71.3,0.0015988,113.297
617,617,800,7.2,,39.6,0.00909175,132.358
276,276,1000,2,,39.6,0.00346574,129.147
1046,1046,800,4.8,,31.7,0.000930789,122.648
377,377,400,5.3,,39.6,0.00614329,131.221
331,331,400,4,,39.6,0.00473801,123.879
1016,1016,16000,4.8,,71.3,0.000848633,124.208
1432,1432,1000,12.3,,55.5,0.0368233,125.484
1411,1411,315,12.3,,71.3,0.0337792,137.068
1100,1100,400,9.5,,31.7,0.00461377,124.756
1479,1479,800,15.6,,71.3,0.0437259,124.188
1251,1251,8000,0,,71.3,0.00121072,125.465
2,2,1250,0,,71.3,0.00266337,125.951
1384,1384,1000,8.9,,71.3,0.0103088,135.433
1047,1047,1000,4.8,,31.7,0.000930789,125.348
1346,1346,1000,6.7,,71.3,0.00478288,136.758
992,992,12500,0,,39.6,0.000428464,129.116
752,752,1000,0,,39.6,0.000791822,127.638
1330,1330,8000,3.3,,39.6,0.00245138,118.091
945,945,2500,19.7,,71.3,0.0341183,118.385
673,673,3150,9.9,,39.6,0.0233328,113.525
964,964,4000,0,,71.3,0.000400682,138.557
393,393,400,7.3,,71.3,0.0104404,139.438
53,53,630,0,,31.7,0.00331266,129.095
516,516,2000,2.7,,71.3,0.00243851,130.114
1348,1348,1600,6.7,,71.3,0.00478288,136.678
892,892,800,15.4,,55.5,0.0271925,130.43
985,985,2500,0,,39.6,0.000428464,131.836
1398,1398,630,8.9,,39.6,0.0124596,131.92
419,419,4000,7.3,,55.5,0.0111706,117.284
1173,1173,1600,17.4,,55.5,0.0165706,126.471
482,482,12500,0,,55.5,0.00172668,117.093
147,147,1000,3,,31.7,0.00529514,126.838
38,38,1600,0,,39.6,0.00310138,124.049
1212,1212,500,22.2,,71.3,0.0214178,117.967
702,702,1600,12.6,,71.3,0.0483159,120.534
946,946,3150,19.7,,71.3,0.0341183,116.225
1273,1273,2000,0,,39.6,0.00146332,133.251
1274,1274,2500,0,,39.6,0.00146332,132.611
692,692,6300,9.9,,31.7,0.0252785,108.689
289,289,800,2,,31.7,0.00372371,130.307
960,960,3150,19.7,,39.6,0.036484,113.004
1329,1329,6300,3.3,,39.6,0.00245138,120.851
505,505,2500,0,,31.7,0.00209405,125.867
1428,1428,400,12.3,,55.5,0.0368233,136.414
208,208,1600,0,,55.5,0.00229336,126.79
295,295,3150,2,,31.7,0.00372371,121.527
61,61,4000,0,,31.7,0.00331266,118.145
1203,1203,1250,17.4,,31.7,0.0176631,128.306
1093,1093,3150,9.5,,39.6,0.00449821,129.934
1147,1147,200,17.4,,71.3,0.016104,112.506
323,323,2000,4,,55.5,0.0042862,124.254
1303,1303,6300,3.3,,71.3,0.00202822,124.904
710,710,250,12.6,,39.6,0.0584113,115.89
504,504,2000,0,,31.7,0.00209405,128.907
1158,1158,2500,17.4,,71.3,0.016104,126.746
1228,1228,400,22.2,,39.6,0.0229028,123.416
1024,1024,6300,4.8,,55.5,0.000873218,135.164
1028,1028,16000,4.8,,55.5,0.000873218,124.394
367,367,2000,5.3,,71.3,0.0051942,125.89
1275,1275,3150,0,,39.6,0.00146332,130.961
568,568,315,5.4,,39.6,0.00485029,125.347
589,589,1600,5.4,,31.7,0.00525474,123.761
518,518,3150,2.7,,71.3,0.00243851,127.054
590,590,2000,5.4,,31.7,0.00525474,122.771
1144,1144,6300,12.7,,39.6,0.0130253,123.177
721,721,3150,12.6,,39.6,0.0584113,106.26
136,136,2500,3,,39.6,0.00495741,120.162
1138,1138,1600,12.7,,39.6,0.0130253,129.977
16,16,800,0,,55.5,0.00283081,128.086
281,281,3150,2,,39.6,0.00346574,121.627
258,258,400,2,,55.5,0.00313525,122.292
1154,1154,1000,17.4,,71.3,0.016104,125.816
503,503,1600,0,,31.7,0.00209405,130.817
515,515,1600,2.7,,71.3,0.00243851,130.644
607,607,4000,7.2,,71.3,0.00752039,119.343
296,296,4000,2,,31.7,0.00372371,120.527
587,587,1000,5.4,,31.7,0.00525474,128.241
1205,1205,2000,17.4,,31.7,0.0176631,124.356
566,566,6300,5.4,,55.5,0.00433288,117.287
855,855,200,11.2,,39.6,0.0150478,125.01
11,11,10000,0,,71.3,0.00266337,115.391
653,653,1250,9.9,,55.5,0.0208438,121.635
759,759,5000,0,,39.6,0.000791822,134.308
934,934,200,19.7,,71.3,0.0341183,118.005
819,819,400,8.4,,39.6,0.00566229,120.015
19,19,1600,0,,55.5,0.00283081,126.986
1277,1277,5000,0,,39.6,0.00146332,126.021
1377,1377,200,8.9,,71.3,0.0103088,133.503
196,196,8000,0,,71.3,0.00214345,118.024
1350,1350,2500,6.7,,71.3,0.00478288,131.458
133,133,1250,3,,39.6,0.00495741,125.802
235,235,1250,0,,31.7,0.0027238,128.805
701,701,1250,12.6,,71.3,0.0483159,120.154
321,321,1250,4,,55.5,0.0042862,131.264
118,118,1600,3,,55.5,0.00452492,124.439
261,261,800,2,,55.5,0.00313525,128.492
598,598,500,7.2,,71.3,0.00752039,132.043
611,611,10000,7.2,,71.3,0.00752039,110.313
905,905,400,15.4,,39.6,0.0282593,125.353
1169,1169,630,17.4,,55.5,0.0165706,122.411
928,928,2000,15.4,,31.7,0.0289853,120.835
1281,1281,630,0,,31.7,0.00150092,126.413
1056,1056,8000,4.8,,31.7,0.000930789,127.008
1307,1307,800,3.3,,55.5,0.002211,129.119
322,322,1600,4,,55.5,0.0042862,128.264
1407,1407,5000,8.9,,39.6,0.0124596,113.08
149,149,1600,3,,31.7,0.00529514,122.088
21,21,2500,0,,55.5,0.00283081,124.106
1078,1078,4000,9.5,,55.5,0.0043284,131.582
579,579,4000,5.4,,39.6,0.00485029,117.137
421,421,6300,7.3,,55.5,0.0111706,111.534
114,114,630,3,,55.5,0.00452492,129.569
762,762,10000,0,,39.6,0.000791822,125.998
102,102,1250,3,,71.3,0.00425727,127.634
1297,1297,1600,3.3,,71.3,0.00202822,133.664
1183,1183,400,17.4,,39.6,0.0172206,115.444
1190,1190,2000,17.4,,39.6,0.0172206,126.644
943,943,1600,19.7,,71.3,0.0341183,120.575
226,226,4000,0,,39.6,0.00253511,123.465
17,17,1000,0,,55.5,0.00283081,126.966
141,141,8000,3,,39.6,0.00495741,110.652
1444,1444,400,12.3,,39.6,0.0408268,128.265
1465,1465,1250,12.3,,31.7,0.0418756,118.767
145,145,630,3,,31.7,0.00529514,128.698
238,238,2500,0,,31.7,0.0027238,123.445
877,877,1250,15.4,,71.3,0.0264269,130.845
1206,1206,2500,17.4,,31.7,0.0176631,124.166
957,957,1600,19.7,,39.6,0.036484,117.604
418,418,3150,7.3,,55.5,0.0111706,117.134
1493,1493,800,15.6,,39.6,0.0528487,118.964
988,988,5000,0,,39.6,0.000428464,136.536
1062,1062,2000,9.5,,71.3,0.00420654,134.976
950,950,315,19.7,,39.6,0.036484,129.864
573,573,1000,5.4,,39.6,0.00485029,130.507
674,674,4000,9.9,,39.6,0.0233328,112.265
572,572,800,5.4,,39.6,0.00485029,132.757
229,229,315,0,,31.7,0.0027238,120.595
492,492,3150,0,,39.6,0.00193287,125.603
86,86,1250,1.5,,39.6,0.00392107,125.211
440,440,315,7.3,,31.7,0.0132672,130.239
1434,1434,1600,12.3,,55.5,0.0368233,121.824
439,439,250,7.3,,31.7,0.0132672,130.089
288,288,630,2,,31.7,0.00372371,129.057
477,477,4000,0,,55.5,0.00172668,127.233
814,814,2000,8.4,,55.5,0.00544854,133.042
77,77,10000,1.5,,71.3,0.00336729,113.492
242,242,6300,0,,31.7,0.0027238,116.815
549,549,2500,5.4,,71.3,0.00401199,127.591
1287,1287,2500,0,,31.7,0.00150092,132.003
422,422,200,7.3,,39.6,0.0123481,130.989
591,591,2500,5.4,,31.7,0.00525474,119.151
490,490,2000,0,,39.6,0.00193287,129.633
860,860,630,11.2,,39.6,0.0150478,133.13
1124,1124,3150,12.7,,71.3,0.0121808,133.758
233,233,800,0,,31.7,0.0027238,130.725
1182,1182,315,17.4,,39.6,0.0172206,115.144
998,998,2500,0,,31.7,0.000439472,132.897
316,316,400,4,,55.5,0.0042862,123.274
832,832,630,8.4,,31.7,0.00580776,125.856
665,665,500,9.9,,39.6,0.0233328,126.835
944,944,2000,19.7,,71.3,0.0341183,120.055
935,935,250,19.7,,71.3,0.0341183,119.115
815,815,2500,8.4,,55.5,0.00544854,131.542
1292,1292,8000,0,,31.7,0.00150092,120.193
880,880,2500,15.4,,71.3,0.0264269,127.625
657,657,3150,9.9,,55.5,0.0208438,115.085
996,996,1600,0,,31.7,0.000439472,129.267
346,346,315,4,,31.7,0.00509068,123.609
558,558,1000,5.4,,55.5,0.00433288,132.127
990,990,8000,0,,39.6,0.000428464,135.866
1354,1354,800,6.7,,55.5,0.0052139,135.953
838,838,2500,8.4,,31.7,0.00580776,125.576
695,695,315,12.6,,71.3,0.0483159,128.484
171,171,8000,4,,71.3,0.00497773,113.665
257,257,10000,2,,71.3,0.00293031,113.086
493,493,4000,0,,39.6,0.00193287,125.343
865,865,2000,11.2,,39.6,0.0150478,124.42
1148,1148,250,17.4,,71.3,0.016104,113.796
1437,1437,3150,12.3,,55.5,0.0368233,116.914
1293,1293,10000,0,,31.7,0.00150092,115.893
858,858,400,11.2,,39.6,0.0150478,130.67
714,714,630,12.6,,39.6,0.0584113,116.55
115,115,800,3,,55.5,0.00452492,129.949
1452,1452,2500,12.3,,39.6,0.0408268,113.315
1000,1000,4000,0,,31.7,0.000439472,137.047
953,953,630,19.7,,39.6,0.036484,120.324
471,471,1000,0,,55.5,0.00172668,128.583
1113,1113,250,12.7,,71.3,0.0121808,119.698
305,305,2000,4,,71.3,0.00400603,126.218
273,273,500,2,,39.6,0.00346574,125.157
561,561,2000,5.4,,55.5,0.00433288,128.707
1097,1097,200,9.5,,31.7,0.00461377,119.146
876,876,1000,15.4,,71.3,0.0264269,131.865
103,103,1600,3,,71.3,0.00425727,126.514
58,58,2000,0,,31.7,0.00331266,122.375
840,840,4000,8.4,,31.7,0.00580776,118.106
1150,1150,400,17.4,,71.3,0.016104,117.396
310,310,6300,4,,71.3,0.00400603,118.618
1386,1386,1600,8.9,,71.3,0.0103088,128.763
781,781,4000,4.2,,71.3,0.00142788,133.598
215,215,315,0,,39.6,0.00253511,121.055
92,92,5000,1.5,,39.6,0.00392107,116.241
166,166,2500,4,,71.3,0.00497773,123.775
1487,1487,200,15.6,,39.6,0.0528487,123.514
438,438,200,7.3,,31.7,0.0132672,128.679
234,234,1000,0,,31.7,0.0027238,130.595
270,270,6300,2,,55.5,0.00313525,118.712
605,605,2500,7.2,,71.3,0.00752039,124.353
897,897,2500,15.4,,55.5,0.0271925,125.63
1314,1314,4000,3.3,,55.5,0.002211,127.229
597,597,400,7.2,,71.3,0.00752039,130.123
961,961,4000,19.7,,39.6,0.036484,108.684
1285,1285,1600,0,,31.7,0.00150092,133.553
466,466,12500,0,,71.3,0.0015988,117.087
983,983,1600,0,,39.6,0.000428464,124.156
1336,1336,1600,3.3,,31.7,0.00251435,133.402
1178,1178,5000,17.4,,55.5,0.0165706,118.941
603,603,1600,7.2,,71.3,0.00752039,130.893
1269,1269,800,0,,39.6,0.00146332,128.401
659,659,5000,9.9,,55.5,0.0208438,112.065
537,537,6300,2.7,,39.6,0.00294804,119.209
820,820,500,8.4,,39.6,0.00566229,122.905
700,700,1000,12.6,,71.3,0.0483159,122.044
1120,1120,1250,12.7,,71.3,0.0121808,133.048
297,297,5000,2,,31.7,0.00372371,118.267
450,450,3150,7.3,,31.7,0.0132672,113.229
635,635,800,9.9,,71.3,0.0193001,128.879
1489,1489,315,15.6,,39.6,0.0528487,122.754
444,444,800,7.3,,31.7,0.0132672,123.209
47,47,12500,0,,39.6,0.00310138,109.619
338,338,2000,4,,39.6,0.00473801,121.659
868,868,4000,11.2,,39.6,0.0150478,115.52
1406,1406,4000,8.9,,39.6,0.0124596,116.22
232,232,630,0,,31.7,0.0027238,129.465
389,389,6300,5.3,,39.6,0.00614329,112.541
902,902,200,15.4,,39.6,0.0282593,121.783
436,436,5000,7.3,,39.6,0.0123481,111.959
1320,1320,800,3.3,,39.6,0.00245138,129.991
5,5,2500,0,,71.3,0.00266337,125.571
112,112,400,3,,55.5,0.00452492,126.159
1215,1215,1000,22.2,,71.3,0.0214178,134.247
109,109,6300,3,,71.3,0.00425727,116.134
1034,1034,1250,4.8,,39.6,0.000907475,125.026
583,583,400,5.4,,31.7,0.00525474,127.781
368,368,2500,5.3,,71.3,0.0051942,123.74
834,834,1000,8.4,,31.7,0.00580776,129.516
1010,1010,4000,4.8,,71.3,0.000848633,134.928
1283,1283,1000,0,,31.7,0.00150092,131.313
443,443,630,7.3,,31.7,0.0132672,126.189
664,664,400,9.9,,39.6,0.0233328,128.345
997,997,2000,0,,31.7,0.000439472,130.697
1090,1090,1600,9.5,,39.6,0.00449821,131.184
198,198,12500,0,,71.3,0.00214345,117.624
643,643,5000,9.9,,71.3,0.0193001,114.569
570,570,500,5.4,,39.6,0.00485029,129.937
451,451,4000,7.3,,31.7,0.0132672,112.639
1197,1197,315,17.4,,31.7,0.0176631,118.416
1070,1070,630,9.5,,55.5,0.0043284,125.452
1059,1059,1000,9.5,,71.3,0.00420654,129.556
1373,1373,1000,6.7,,31.7,0.00592927,131.636
362,362,630,5.3,,71.3,0.0051942,131.8
647,647,315,9.9,,55.5,0.0208438,132.355
986,986,3150,0,,39.6,0.000428464,133.276
1032,1032,800,4.8,,39.6,0.000907475,120.766
3,3,1600,0,,71.3,0.00266337,127.591
802,802,2000,8.4,,71.3,0.00529514,134.476
723,723,5000,12.6,,39.6,0.0584113,104.13
989,989,6300,0,,39.6,0.000428464,136.826
306,306,2500,4,,71.3,0.00400603,124.338
10,10,8000,0,,71.3,0.00266337,117.151
14,14,500,0,,55.5,0.00283081,126.416
709,709,200,12.6,,39.6,0.0584113,114.75
132,132,1000,3,,39.6,0.00495741,128.312
4,4,2000,0,,71.3,0.00266337,127.461
682,682,630,9.9,,31.7,0.0252785,126.049
529,529,1000,2.7,,39.6,0.00294804,130.589
1491,1491,500,15.6,,39.6,0.0528487,115.304
1440,1440,6300,12.3,,55.5,0.0368233,110.124
1088,1088,1000,9.5,,39.6,0.00449821,130.374
332,332,500,4,,39.6,0.00473801,127.039
1282,1282,800,0,,31.7,0.00150092,129.053
285,285,315,2,,31.7,0.00372371,120.147
1483,1483,2000,15.6,,71.3,0.0437259,119.888
473,473,1600,0,,55.5,0.00172668,130.183
160,160,630,4,,71.3,0.00497773,131.615
459,459,2500,0,,71.3,0.0015988,128.127
1473,1473,200,15.6,,71.3,0.0437259,130.898
784,784,8000,4.2,,71.3,0.00142788,125.268
178,178,630,4,,39.6,0.00579636,131.073
1004,1004,10000,0,,31.7,0.000439472,134.227
239,239,3150,0,,31.7,0.0027238,123.445
506,506,3150,0,,31.7,0.00209405,124.207
287,287,500,2,,31.7,0.00372371,126.677
913,913,2500,15.4,,39.6,0.0282593,122.413
262,262,1000,2,,55.5,0.00313525,129.002
425,425,400,7.3,,39.6,0.0123481,132.039
1316,1316,6300,3.3,,55.5,0.002211,123.839
824,824,1250,8.4,,39.6,0.00566229,131.205
1365,1365,1250,6.7,,39.6,0.00578076,132.395
290,290,1000,2,,31.7,0.00372371,130.307
1356,1356,1250,6.7,,55.5,0.0052139,136.883
729,729,2000,0,,71.3,0.000740478,131.06
1048,1048,1250,4.8,,31.7,0.000930789,127.408
1486,1486,4000,15.6,,71.3,0.0437259,113.298
1092,1092,2500,9.5,,39.6,0.00449821,131.234
914,914,3150,15.4,,39.6,0.0282593,120.513
821,821,630,8.4,,39.6,0.00566229,126.045
249,249,1600,2,,71.3,0.00293031,127.796
28,28,12500,0,,55.5,0.00283081,111.076
749,749,10000,0,,55.5,0.00076193,127.636
535,535,4000,2.7,,39.6,0.00294804,121.889
509,509,6300,0,,31.7,0.00209405,119.737
66,66,800,1.5,,71.3,0.00336729,127.122
188,188,1250,0,,71.3,0.00214345,128.144
219,219,800,0,,39.6,0.00253511,130.205
1404,1404,2500,8.9,,39.6,0.0124596,119.19
1242,1242,1000,0,,71.3,0.00121072,128.825
244,244,500,2,,71.3,0.00293031,126.486
835,835,1250,8.4,,31.7,0.00580776,130.156
1276,1276,4000,0,,39.6,0.00146332,127.801
1488,1488,250,15.6,,39.6,0.0528487,124.644
744,744,3150,0,,55.5,0.00076193,134.826
1129,1129,10000,12.7,,71.3,0.0121808,114.418
596,596,315,7.2,,71.3,0.00752039,128.713
1284,1284,1250,0,,31.7,0.00150092,133.063
758,758,4000,0,,39.6,0.000791822,135.308
654,654,1600,9.9,,55.5,0.0208438,119.875
15,15,630,0,,55.5,0.00283081,127.696
1151,1151,500,17.4,,71.3,0.016104,119.806
743,743,2500,0,,55.5,0.00076193,133.956
1007,1007,2000,4.8,,71.3,0.000848633,128.398
1490,1490,400,15.6,,39.6,0.0528487,120.484
879,879,2000,15.4,,71.3,0.0264269,129.285
251,251,2500,2,,71.3,0.00293031,127.006
1208,1208,4000,17.4,,31.7,0.0176631,121.996
1135,1135,800,12.7,,39.6,0.0130253,130.217
144,144,500,3,,31.7,0.00529514,127.548
388,388,5000,5.3,,39.6,0.00614329,115.311
550,550,3150,5.4,,71.3,0.00401199,123.311
404,404,5000,7.3,,71.3,0.0104404,115.298
1258,1258,1600,0,,55.5,0.00131983,132.05
1060,1060,1250,9.5,,71.3,0.00420654,131.656
1495,1495,1250,15.6,,39.6,0.0528487,118.214
564,564,4000,5.4,,55.5,0.00433288,119.737
319,319,800,4,,55.5,0.0042862,131.864
782,782,5000,4.2,,71.3,0.00142788,132.828
1174,1174,2000,17.4,,55.5,0.0165706,125.261
494,494,5000,0,,39.6,0.00193287,123.453
688,688,2500,9.9,,31.7,0.0252785,114.729
317,317,500,4,,55.5,0.0042862,127.314
391,391,250,7.3,,71.3,0.0104404,139.918
1074,1074,1600,9.5,,55.5,0.0043284,133.062
449,449,2500,7.3,,31.7,0.0132672,114.709
967,967,8000,0,,71.3,0.000400682,129.867
1018,1018,1600,4.8,,55.5,0.000873218,121.474
1436,1436,2500,12.3,,55.5,0.0368233,117.054
177,177,500,4,,39.6,0.00579636,130.173
50,50,315,0,,31.7,0.00331266,122.765
